Time,Emotion,Confidence
14:57:48,angry,99.4573
14:57:50,fear,99.99927
14:57:52,fear,58.515614
14:57:54,neutral,99.97162
14:57:57,fear,99.99721
14:57:59,fear,93.29563
14:58:01,fear,96.957634
14:58:03,fear,88.30522
14:58:05,neutral,73.34438
14:58:07,fear,87.95397
